{"cameraMode":{"drawMode":0,"name":"Shaded","section":"Shading Mode"},"sceneLighting":true,"audioPlay":false,"sceneViewState":{"m_AlwaysRefresh":false,"showFog":true,"showSkybox":true,"showFlares":true,"showImageEffects":true,"showParticleSystems":true,"showVisualEffectGraphs":true,"m_FxEnabled":true},"in2DMode":false,"pivot":{"x":20.361587524414064,"y":4.11668586730957,"z":48.543155670166019},"rotation":{"x":0.18067364394664765,"y":0.4303167462348938,"z":0.08835713565349579,"w":-0.8800066709518433},"size":3.3789525032043459,"orthographic":false}