{"cameraMode":{"drawMode":0,"name":"Shaded","section":"Shading Mode"},"sceneLighting":true,"audioPlay":false,"sceneViewState":{"m_AlwaysRefresh":false,"showFog":true,"showSkybox":true,"showFlares":true,"showImageEffects":true,"showParticleSystems":true,"showVisualEffectGraphs":true,"m_FxEnabled":true},"in2DMode":false,"pivot":{"x":21.695940017700197,"y":4.277294158935547,"z":48.709617614746097},"rotation":{"x":0.18062104284763337,"y":-0.6865090727806091,"z":0.18226414918899537,"w":0.6803616881370544},"size":1.497170329093933,"orthographic":false}