{"cameraMode":{"drawMode":0,"name":"Shaded","section":"Shading Mode"},"sceneLighting":true,"audioPlay":false,"sceneViewState":{"m_AlwaysRefresh":false,"showFog":true,"showSkybox":true,"showFlares":true,"showImageEffects":true,"showParticleSystems":true,"showVisualEffectGraphs":true,"m_FxEnabled":true},"in2DMode":false,"pivot":{"x":18.71291160583496,"y":2.2568743228912355,"z":44.26266860961914},"rotation":{"x":0.00013283014413900673,"y":0.9995577335357666,"z":0.004497503861784935,"w":-0.029987193644046785},"size":3.0816891193389894,"orthographic":false}